C1,NC1,C1,NC1,C0,NC0,y,temppred
0.16576779737079034,0.8700000000000006,0.24177309187916865,0.7386152623574714,0.8189806626643955,0.17101935683442565,2,2
0.16640179206213906,0.8585999999999996,0.3171426710545438,0.6632457126950759,0.6603948945906547,0.3296051181809412,2,2
0.1898388867619431,0.8585999999999996,0.4385086981509494,0.5418796708421805,0.38844148794701966,0.6015585322028222,2,1
0.16415658841943281,0.8585999999999996,0.2461497959479542,0.7342385878016648,0.7864020399954715,0.20359797914167044,2,2
0.182738230937893,0.8130000000000013,0.26189454231123355,0.7184938266818962,0.7341623100456678,0.2558376868120672,2,2
0.5058624817070451,0.39119999999999994,0.302888303875229,0.6775000503614107,0.11518628053584154,0.8748137284019616,2,0
0.1725168973148217,0.8243999999999984,0.22733657611550664,0.7530517781211332,0.7986112460284552,0.19138875864153926,2,2
0.1671279578998251,0.8130000000000013,0.23664546255972765,0.7437429064334021,0.7598387519669767,0.23016126022593505,2,2
0.1620482082779894,0.8700000000000006,0.24136761605299764,0.7390207529401317,0.7963725302103656,0.19362748169320293,2,2
0.23392423591960976,0.7331999999999981,0.42588647228166926,0.5545018819549705,0.2119111843706336,0.7780888056875439,2,1
0.1625341967179938,0.8700000000000006,0.2139680908087386,0.7664202781843911,0.859670950720149,0.13032908331815488,2,2
0.4129082479221352,0.5052000000000004,0.360380039301659,0.6200083296914709,0.12217405963869939,0.8678259454653098,2,0
0.15786592396370422,0.8585999999999996,0.19163107749327862,0.7887572767433617,0.891765070216169,0.09823496396680483,2,2
0.23640404870949905,0.7560000000000001,0.44129365541911825,0.5390947135740113,0.20585434941759376,0.7841456413639405,2,1
0.18839577292176896,0.8585999999999996,0.4146218667470136,0.5657665022461161,0.46245197175035224,0.5275480038406777,2,2
0.1751628303352066,0.8585999999999996,0.29516166128834503,0.6852267077047849,0.6772477572255924,0.3127522472997312,2,2
0.1799557434639884,0.8472000000000007,0.3007833198926983,0.6796050343439413,0.6535392345715497,0.33646075577597023,2,2
0.19095591471025475,0.8585999999999996,0.2959094297953025,0.6844789318195821,0.6550851332784855,0.33491488629267036,2,2
0.1746411310554708,0.8700000000000006,0.2101767826844187,0.7702115567957316,0.80280138600729,0.18719860426789348,2,2
0.16737080203283183,0.8700000000000006,0.20543520688825462,0.7749531473483853,0.8037901008291154,0.18620991165313897,2,2
0.18616305607416098,0.8358000000000011,0.29004304518560786,0.6903453090510318,0.6163507708993923,0.3736492191587832,2,2
0.17082342243264026,0.8700000000000006,0.23803498090031047,0.7423533880928188,0.8006471374937634,0.18935285994265835,2,2
0.16650199770358004,0.8700000000000006,0.21750522577577416,0.7628831358391109,0.8115514542570395,0.1784485802152781,2,2
0.18016650187367372,0.8585999999999996,0.2633490908847269,0.7170392559736678,0.7917350014029199,0.19826501078999156,2,2
0.16571113975464727,0.8585999999999996,0.19530912218070734,0.7850792394341771,0.8676124622881993,0.12238756408251596,2,2
0.1585164331794943,0.8585999999999996,0.19935916321763733,0.7810291910190025,0.8804977201609935,0.10950228501535164,2,2
0.16321967288822806,0.8700000000000006,0.2041220342457875,0.7762663273690972,0.8717933442875019,0.11820663788607985,2,2
0.1811991519049919,0.8358000000000011,0.24669043684028855,0.7336979100181061,0.7772746053991968,0.21272541431663097,2,2
0.16053255885913872,0.8700000000000006,0.23271138863193164,0.747676980361198,0.8227638658643924,0.16723615356209218,2,2
0.1661215504905553,0.8700000000000006,0.24216188111397816,0.7382264583661722,0.7903472344787371,0.19965277033592893,2,2
0.18062498648575595,0.8472000000000007,0.23988256119941026,0.740505822550209,0.784334297822748,0.20566569238009966,2,2
0.23767976781758682,0.6989999999999993,0.41088709973038984,0.5695012692627391,0.291300338295594,0.6986996662297291,2,1
0.16710230657799738,0.8700000000000006,0.222425796411107,0.7579625725820223,0.8077021718302979,0.18229782582313103,2,2
0.16775489854789474,0.8243999999999984,0.23455284775020976,0.7458355359994092,0.7053749521598072,0.28462503789836946,2,2
0.1631173775307184,0.8585999999999996,0.22661171820395212,0.753776658167422,0.8243680654368349,0.1656319100095229,2,2
0.1856053497649165,0.7103999999999991,0.22524656282790684,0.755141798786978,0.8343689349239308,0.1556310839962032,2,2
0.15418818814985968,0.8700000000000006,0.20202873325949744,0.7783596357336319,0.8279260512842711,0.1620739393525909,2,2
0.16620189648693054,0.8700000000000006,0.22929513583021244,0.7510932257846724,0.8005696055764139,0.18943038506044943,2,2
0.17815090597578623,0.8700000000000006,0.3250345658089348,0.6553537884277052,0.5729263586803555,0.41707366089080106,2,2
0.15729877613840756,0.8700000000000006,0.22869328778091014,0.7516950664557298,0.8475596538701102,0.14244033597105923,2,2
0.17028942759314789,0.8585999999999996,0.2259114238507542,0.7544769303858857,0.8014523002643025,0.18854770411634905,2,2
0.16050917818577165,0.8700000000000006,0.19895923283308475,0.7814291214035551,0.8677006910509278,0.1222993434937254,2,2
0.15992877789724227,0.8700000000000006,0.2015702018557245,0.7788181671374051,0.8689957604371233,0.1210042374333131,2,2
0.1556330181554684,0.8700000000000006,0.20318203847199987,0.7772063157646399,0.8008365379074247,0.1891634818807388,2,2
0.16762928816137962,0.8700000000000006,0.2653267616348362,0.7150616147365384,0.69854053247137,0.2914594868104435,2,2
0.16222864403778686,0.8700000000000006,0.2029780565159993,0.77741032723362,0.8743658299131306,0.11563417468452909,2,2
0.16123349474101398,0.8700000000000006,0.19535229966964546,0.785036061945239,0.8917650788964572,0.09823495521418102,2,2
0.16231713024597727,0.8585999999999996,0.1990057895581701,0.7813825794349595,0.8596795858707251,0.13032044845692173,2,2
0.1614648886216516,0.8700000000000006,0.19506478422382512,0.7853235773910593,0.8837437196731567,0.10625631407580335,2,2
0.1642005518985027,0.8700000000000006,0.19533053384729968,0.785057813011095,0.8435483794101225,0.14645164782862052,2,2
0.24449823655171682,0.8243999999999984,0.4750548949824954,0.5053334592541445,0.21675013616154512,0.7732498686531214,2,1
0.2308631976632238,0.7560000000000001,0.42490832036907217,0.5554800486240578,0.46917710155838954,0.520822903256277,2,2
0.16841775420155178,0.8700000000000006,0.21756479034655296,0.762823578646577,0.8268929819264463,0.16310700784238813,2,2
0.1653202207572252,0.8700000000000006,0.1989082122698573,0.7814801493450274,0.8589801137905685,0.13101987648461638,2,2
0.20958883053978658,0.8243999999999984,0.45769649971712023,0.5226918545195196,0.3138095102124998,0.6761904951808528,2,1
0.2071690923366732,0.8015999999999988,0.317536179367547,0.6628521748690924,0.6325609829009149,0.3574390369595829,2,2
0.158494500614833,0.8700000000000006,0.2352900554624577,0.7450983135306717,0.8402318409021616,0.14976816391250472,2,2
0.17644094947680689,0.8472000000000007,0.2711927775683909,0.7091955914247383,0.7502831463739712,0.23971685844069565,2,2
0.16672183450194242,0.8585999999999996,0.2518318471038225,0.7285565071328177,0.7644899413145868,0.22551006407876595,2,2
0.16405821978073679,0.8585999999999996,0.2616935411661576,0.7186947983139924,0.71094055835298,0.27905943879409906,2,2
0.16010156971783318,0.8700000000000006,0.30731086488094184,0.673077518868678,0.6297378598620584,0.3602621446632642,2,2
0.15589326060466402,0.8700000000000006,0.23081566643020493,0.7495726878064348,0.8295001920135271,0.16049982741295699,2,2
0.1633620891605766,0.8700000000000006,0.23520527942898214,0.7451830748076576,0.7634722550003276,0.22652773549186392,2,2
0.1803768547435409,0.8358000000000011,0.3611193004561858,0.6192690832934333,0.5715484892650717,0.41845150108244855,2,2
0.16326745504298515,0.8700000000000006,0.23772872333133133,0.7426596382835536,0.7721578905475952,0.21784209951058164,2,2
0.18483236718802773,0.8358000000000011,0.256246588787292,0.7241417728275926,0.7253158068518035,0.2646842126470166,2,2
0.15834527525832356,0.8700000000000006,0.20664284987565404,0.773745511739231,0.857415070003214,0.13258493488378906,2,2
0.186943012154681,0.8358000000000011,0.3231569675751104,0.6572313866615298,0.6157649357795713,0.3742350688904234,2,2
0.15961479070140328,0.8700000000000006,0.23283634635082737,0.7475520226423021,0.8287778774659607,0.1612221199704604,2,2
0.17249771978947723,0.8585999999999996,0.292254635574748,0.6881337186618917,0.6583325303170285,0.3316674668300498,2,2
0.1625696114334089,0.8700000000000006,0.20320610330822408,0.7771822509284158,0.8511533492653114,0.1388466852793417,2,2
0.16082798413670185,0.8700000000000006,0.2173815147441567,0.7630068542489733,0.875722356977741,0.11427767727756956,2,2
0.2956745622918066,0.7331999999999981,0.44598058493530834,0.5344077693013309,0.1520454694518767,0.8379545204616284,2,1
0.21834152036575816,0.8358000000000011,0.44242093271005506,0.5379674362830748,0.2632262057096055,0.7267737988157175,2,1
0.24822399556721692,0.7445999999999999,0.4568858904625605,0.5235024637740787,0.19070282754874934,0.7992971551311825,2,1
0.19460732100048506,0.8358000000000011,0.42442053884024783,0.5559678153963926,0.3717201127793027,0.6182798772788737,2,1
0.1622735553186777,0.8700000000000006,0.1914969926493838,0.7888913542090116,0.8917649388544762,0.09823509518382621,2,2
0.1792997607800567,0.8243999999999984,0.25163384590588755,0.7287545157089973,0.7041207090618542,0.285879280562308,2,2
0.18877310503894837,0.7901999999999991,0.2834190692994199,0.6969692849372198,0.6606971126269371,0.32930286267475034,2,2
0.17427196222356217,0.8700000000000006,0.202848627344613,0.7775397121355371,0.8917471639392439,0.09825287075008006,2,2
0.22109617329122186,0.8472000000000007,0.43831059551100165,0.5420777734821279,0.28326934473908055,0.7067306311412919,2,1
0.16948592207755855,0.8585999999999996,0.32470424754735344,0.6556841214457758,0.6764350517735898,0.31356496041932125,2,2
0.1653802642042198,0.8700000000000006,0.19170326624101794,0.7886850879956223,0.8749269167900091,0.11507310292581903,2,2
0.15859715422496062,0.8700000000000006,0.22463568404299553,0.755752670193644,0.8707327584164819,0.11926724625351352,2,2
0.1595788704129099,0.8700000000000006,0.22827185419230792,0.7521165000443318,0.8429356679666381,0.1470643220915377,2,2
0.17173139179539915,0.8585999999999996,0.2214595887318397,0.7589287802612903,0.8042446880942412,0.18575530963152348,2,2
0.17738613620859905,0.8700000000000006,0.3290917918751538,0.6512965623614857,0.6523436347581806,0.337656340832849,2,2
0.17181477681942356,0.8700000000000006,0.23952672182495124,0.7408616545464229,0.8193406550435192,0.17065935027749807,2,2
0.16002291499735088,0.8700000000000006,0.19606576856965008,0.7843225856669894,0.8837271374295058,0.10627289653646142,2,2
0.17283646012625647,0.8130000000000013,0.20638131322999623,0.7740070262501542,0.8590172822054158,0.1309827367870554,2,2
0.1759184833409177,0.8472000000000007,0.21313751740478765,0.7672508442100973,0.8234756496494252,0.1665243700664019,2,2
0.1867513050795329,0.8472000000000007,0.43487896482967664,0.5455093894069638,0.4077514540038061,0.5822485505215168,2,1
0.1821014425003402,0.8358000000000011,0.2953844662920944,0.685003902701035,0.6781403339691526,0.3118597000691498,2,2
0.1577087026880783,0.8585999999999996,0.2920103211338082,0.6883780331028315,0.6749857561555881,0.31501427846140045,2,2
0.15952181325770293,0.8700000000000006,0.1914969926493838,0.7888913542090116,0.8917537464910334,0.09824628761960467,2,2
0.1941739505449931,0.8130000000000013,0.336334725724378,0.6440536285122623,0.5284803805471623,0.4615196095110145,2,2
0.16885643435951966,0.8700000000000006,0.22501619788558727,0.7553721711075427,0.8431702046394347,0.14682978505706334,2,2
0.2211963904563663,0.7901999999999991,0.4351197847449665,0.5452685694916733,0.27128680450106113,0.7187132003136052,2,1
0.16069281421749343,0.8585999999999996,0.20914583090647929,0.7712425454648955,0.8548404537376856,0.13515955085997453,2,2
0.16654330052036304,0.8700000000000006,0.32614961920154906,0.6542387645480705,0.6108359426553962,0.3791640474027802,2,2
0.1667050094204042,0.8700000000000006,0.2143588721696611,0.7660294968234685,0.8173374662741871,0.17266253817880037,2,2
0.16189651763948423,0.8700000000000006,0.25057960700595244,0.7298087546089322,0.8183956801118207,0.17160433902532166,2,2
0.16262667962486313,0.8700000000000006,0.2342660775071206,0.7461222841077638,0.837696348512519,0.15230367062462177,2,2
0.15878037948770438,0.8700000000000006,0.19143804047292864,0.7889503211419565,0.8757002893707132,0.11429974481226163,2,2
0.17628462887513985,0.8472000000000007,0.29870372953877844,0.6816846246978611,0.5649416228312892,0.42505839673986745,2,2
0.1939601807651837,0.8015999999999988,0.435703330131179,0.5446850388619505,0.3956613933072504,0.5943386109287292,2,1
0.19355096333142624,0.8585999999999996,0.3260810665473195,0.6543072876893206,0.5542773010689083,0.43572270345641534,2,2
0.1606069655138312,0.8585999999999996,0.1965607012350583,0.7838276530015812,0.8648151665419054,0.12518482351627155,2,2
0.1645884926376991,0.8700000000000006,0.2742672553115675,0.7061211063033169,0.7025938577189027,0.28740614651707747,2,2
0.18809522041649496,0.8472000000000007,0.2749931726918635,0.7053951815447761,0.7621335011963712,0.22786651866412835,2,2
0.1744046611103811,0.8700000000000006,0.29630514120500046,0.6840832277881294,0.8012598633229151,0.188740118923002,2,2
0.19502559988771825,0.8472000000000007,0.42740482653553075,0.5529834981881295,0.36967180321239757,0.6203282016022686,2,1
0.20989357777043285,0.8358000000000011,0.3232893040110761,0.657099020712584,0.5182214755803629,0.47177850058935167,2,2
0.1684795434606886,0.8700000000000006,0.1990951843729299,0.7812931846201997,0.8589796317452374,0.13102035831294023,2,2
0.17632027712747889,0.8015999999999988,0.3155888864688503,0.6647994825242797,0.6738451592769433,0.3161548385934926,2,2
0.16463189245288815,0.8700000000000006,0.2539445247423303,0.7264438442507991,0.7707413418501333,0.21925864791870095,2,2
0.18095396971733438,0.8700000000000006,0.34710858620208446,0.6332797680345557,0.5444884681164643,0.4455115366982023,2,2
0.1882177705381294,0.8130000000000013,0.33827815518518095,0.6421102285644386,0.5408322524126298,0.4491677822043591,2,2
0.16246694361469127,0.8700000000000006,0.2029809045185164,0.7774074644746132,0.880287831374048,0.1097121736576257,2,2
0.15885971885468203,0.8700000000000006,0.2501680233742426,0.7302203308623977,0.726831143756051,0.26316886105861487,2,2
0.19664287227889862,0.7787999999999996,0.3219831775924531,0.6584051766441864,0.4880128481957515,0.5019871263825775,2,2
0.19224391134796012,0.8358000000000011,0.271232425257766,0.7091559437353637,0.6671165525445663,0.3228834448918557,2,2
0.16752154883204165,0.8130000000000013,0.293859440487565,0.6865289211273193,0.6853784943543592,0.3046215027927192,2,2
0.1764414461133549,0.7787999999999996,0.23186528516764754,0.7485230764472369,0.7385638117299491,0.2514362075518637,2,2
0.18088580341315963,0.8585999999999996,0.3244444125138437,0.6559439712357753,0.5393023196405576,0.45069768517410885,2,2
0.16066462672034518,0.8700000000000006,0.19494921877453636,0.7854391502185929,0.8756338215115006,0.114366204859215,2,2
0.16178462808980915,0.8700000000000006,0.29140709635123435,0.6889812726418949,0.6690628642600712,0.3209371473541537,2,2
0.23175431802866922,0.8243999999999984,0.47397492952393144,0.5064134394691983,0.1935001927190616,0.796499797628458,2,1
0.17377859798241588,0.8472000000000007,0.2135935489647595,0.7667947978936356,0.843636923556651,0.14636311019230805,2,2
0.16717928782967692,0.8585999999999996,0.19911001464510447,0.7812783395915354,0.8832286527902177,0.10677138160976399,2,2
0.2193143735904138,0.8243999999999984,0.400284151679104,0.5801042025575364,0.31778384901574497,0.6722161407530893,2,1
0.1782133718583191,0.8472000000000007,0.21518424690950244,0.7652041073271375,0.7595188376352627,0.23048115958415205,2,2
0.16833061740629882,0.8700000000000006,0.3189309277386341,0.6614574560109856,0.6125497207826772,0.3774502545190084,2,2
0.15979864969230395,0.8700000000000006,0.23468820465074014,0.7457001717206341,0.803702996371556,0.18629703737740372,2,2
0.1663381122716423,0.8585999999999996,0.23207439662113924,0.7483139649937459,0.7981895598670814,0.19181041543460578,2,2
0.16132901423218185,0.8585999999999996,0.20270340872921996,0.7776849455074198,0.8757223604498563,0.11427767329910418,2,2
0.17235671191724758,0.8585999999999996,0.3439492422691829,0.6364391267239462,0.5578045658852294,0.43219540941645784,2,2
0.16432563983395657,0.8700000000000006,0.3176010578919381,0.6627873111011917,0.5661052032054048,0.4238948017539331,2,2
0.1911519834344827,0.8130000000000013,0.2907442039385586,0.6896441576763265,0.6130668465401369,0.3769331430840258,2,2
0.16366371284364503,0.8700000000000006,0.2244736916785104,0.7559146551798847,0.8349161489644092,0.1550838410937669,2,2
0.16473623477602464,0.8585999999999996,0.2424604786835827,0.7379278755530574,0.7915182041825596,0.19848177864204333,2,2
0.22937823670751456,0.7560000000000001,0.43584102617143405,0.5445473428216958,0.26248997653387146,0.727510042747942,2,1
0.1731972874141434,0.8700000000000006,0.23598212007411487,0.7444062341625248,0.737579930426773,0.252420059052717,2,2
0.1880925119666219,0.8243999999999984,0.2996394971060525,0.6807488571305879,0.5417579901713767,0.44824201449861767,2,2
0.23699755165445768,0.7445999999999999,0.4241623240220897,0.5562260302145501,0.24034293571930476,0.7496570920981258,2,1
0.18352791547682684,0.8472000000000007,0.2739980482897715,0.7063903059468684,0.6243249702805451,0.365675035112807,2,2
0.26391137471591014,0.7331999999999981,0.43654546847945314,0.5438428562442073,0.17591550465301414,0.8140845003063246,2,1
0.1663280716823375,0.8585999999999996,0.19989731764145288,0.7804910513516767,0.8589938292244114,0.13100619041908143,2,2
0.16699544583084516,0.8585999999999996,0.2104400310828847,0.7699483305320002,0.8405605681224925,0.14943943640283,2,2
0.18523365881438178,0.8585999999999996,0.3006845694634523,0.6797037847731873,0.6386325589985522,0.3513674165924775,2,2
0.1781472978550254,0.8700000000000006,0.244596210574872,0.7357921510400125,0.7331415502492671,0.25685847626612,2,2
0.16475848605864254,0.8472000000000007,0.28481515427793097,0.695573214715199,0.7188112067796653,0.2711887759002666,2,2
0.26436801348909755,0.6989999999999993,0.4118939972849725,0.5684943569516673,0.1501095159241296,0.8398904661771163,2,1
0.17091389262838272,0.8700000000000006,0.31874269371958597,0.6616456605170542,0.6271578626493797,0.3628421427439713,2,2
0.16682428149783496,0.8358000000000011,0.299140904595088,0.6812474496415523,0.6718532643855192,0.31814672581732845,2,2
0.17516377484197923,0.8358000000000011,0.23320473911831652,0.7471836298748128,0.8421213765079527,0.14787863575729343,2,2
0.17227263206964946,0.8700000000000006,0.3009211279878335,0.679467226248806,0.7005489953105893,0.2894510092147344,2,2
0.1544425040383941,0.8700000000000006,0.21516161645130072,0.7652267377853395,0.836389441365177,0.1536105628708035,2,2
0.16316608253759862,0.8585999999999996,0.2625150084347404,0.7178733458018997,0.6971288544914098,0.2928711720239766,2,2
0.159411390421923,0.8472000000000007,0.19990722662430385,0.7804811349905809,0.872124091121526,0.11787591419949107,2,2
0.18566818815272984,0.8585999999999996,0.29010689628054814,0.6902814727125811,0.6897267588458014,0.3002732536364525,2,2
0.1578723017970336,0.8585999999999996,0.2057685633694086,0.7746197982454761,0.8386113821557423,0.15138860739608423,2,2
0.49367635018524625,0.48239999999999894,0.2937260259188491,0.6866623430742801,0.15012954856400365,0.8398704490170891,2,0
0.293254763938231,0.7331999999999981,0.4623679086407413,0.5180204455958987,0.1573043308742997,0.8326956631623421,2,1
0.1733080263005877,0.8585999999999996,0.2135701746850336,0.7668181721733616,0.8028677676423077,0.18713225178417647,2,2
0.15967851781766398,0.8700000000000006,0.1916025900898627,0.7887857567685328,0.8837436322915901,0.10625640210839157,2,2
0.1709791948369406,0.8585999999999996,0.2787712975099246,0.7016170714832047,0.6780153293035566,0.31198469026759995,2,2
0.1625021099217888,0.8585999999999996,0.23778261541301735,0.7426057535801119,0.8032065852452253,0.18679339005646187,2,2
0.16033084751147678,0.8700000000000006,0.2806607537283481,0.6997275857518024,0.7386642702769302,0.2513357270148191,2,2
0.1820796454195837,0.7787999999999996,0.34192756166967375,0.6384608073234561,0.5947549705051678,0.3952450489213164,2,2
0.17634467345186808,0.8130000000000013,0.2635747441270975,0.7168136174877874,0.7574305732810384,0.2325694458561038,2,2
0.44676909315686403,0.4254000000000008,0.3296375698793284,0.6507507843573113,0.13674209405311116,0.8532579109062265,2,0
0.2326533670105209,0.8015999999999988,0.4767323772245244,0.5036559770121161,0.2569930664298602,0.7330069242070023,2,1
0.18870712173110074,0.8015999999999988,0.3948810037038859,0.5855073505327542,0.5271221709982864,0.46287784799418463,2,2
0.1897813787330702,0.8472000000000007,0.4047558045276163,0.5756325497090241,0.42872290395533047,0.5612770855241611,2,2
0.16632209776558926,0.8700000000000006,0.20783273204646083,0.772555636946669,0.8423535151879756,0.14764648948201847,2,2
0.1856354890723831,0.7901999999999991,0.36042810647742246,0.6199602772721966,0.5199727952401616,0.47002723850879913,2,2
0.24741187136767365,0.8358000000000011,0.4806600147964885,0.49972835419664113,0.1639738551901382,0.826026134723367,2,1
0.2432258114481435,0.7901999999999991,0.38201765103154944,0.5983707179615805,0.29463591871493083,0.6953640863890782,2,1
0.15721765680159167,0.8700000000000006,0.25308767902573315,0.7273006825891514,0.7276115298465613,0.262388445165782,2,2
0.1590554640980601,0.8358000000000011,0.20699975771441062,0.7733886112787192,0.8752178048170891,0.11478222936588575,2,2
0.17947646725977123,0.8243999999999984,0.3661817625906864,0.6142066211589335,0.5355951608991164,0.45440481527059945,2,2
0.16332849195420168,0.8700000000000006,0.24129137226910283,0.7390969967240266,0.7936332962508338,0.19636670104091597,2,2
0.16139415255287323,0.8700000000000006,0.30868626378716807,0.6717020904494716,0.685249326622601,0.3047506935272398,2,2
0.17667739321491088,0.8585999999999996,0.2105925172694678,0.7697958369671722,0.8756338215115006,0.114366204859215,2,2
0.1971975380684565,0.7787999999999996,0.41050363159133374,0.5698847374017962,0.5175920355954218,0.472407983831063,2,2
0.16001868325182542,0.8700000000000006,0.21346164070309925,0.7669267209117856,0.859641546533641,0.13035848743232717,2,2
0.1661605388676079,0.8585999999999996,0.2522499222098042,0.7281384320268354,0.741121969761895,0.2488780495199187,2,2
0.16034866784197618,0.8700000000000006,0.23777480922995234,0.7426135450066873,0.8251940000552571,0.1648060195158985,2,2
0.1641775468462879,0.8700000000000006,0.20329031859509006,0.7770980503980395,0.8671965642243915,0.1228034692352257,2,2
0.167526756166023,0.8585999999999996,0.2531617697433364,0.727226569736814,0.7332902959916192,0.2567097088230467,2,2
0.16053003807623414,0.8700000000000006,0.2632014007934087,0.7171869681997207,0.7609762940527163,0.22902368862721534,2,2
0.17769853037769356,0.7901999999999991,0.31705508828950174,0.6633332659471377,0.5814104495854058,0.40858954828503047,2,2
0.1562136796698988,0.8700000000000006,0.2024743068479798,0.7779140547669049,0.8749269266276689,0.11507309236480187,2,2
0.18098221502466103,0.8700000000000006,0.280716326668656,0.6996720423244739,0.7208800016634672,0.2691199881053667,2,2
0.19600706015770497,0.7673999999999996,0.3702174139606145,0.6101709402760259,0.5052676454488516,0.4847323596551579,2,2
0.16852764155332328,0.8585999999999996,0.2851636818117308,0.6952246724249095,0.7337842637432431,0.2562157485943398,2,2
0.1841113117657819,0.8700000000000006,0.36383982165855094,0.6165485473345784,0.5821546013498765,0.40784540375413275,2,2
0.166796257700272,0.8700000000000006,0.21022633497691842,0.7701620340162113,0.843636923556651,0.14636311019230805,2,2
0.1936765795480858,0.8585999999999996,0.40727999063417775,0.5731083636024626,0.4032181186101972,0.5867818714479802,2,1
0.47096727545512923,0.516599999999999,0.30778294021597163,0.6726054287771576,0.10174263179302222,0.8882573581204828,1,0
0.2507636856569827,0.7673999999999996,0.44986757413901196,0.5305207800976285,0.3000476492784558,0.6899523407797206,1,1
0.3261330799097815,0.5508000000000007,0.4096100113211329,0.5707783429155069,0.11608661932852672,0.8739133666788488,1,1
0.2126626218971697,0.8130000000000013,0.3421876747862805,0.6382006794503592,0.51866648310828,0.47133352199573003,1,2
0.21850537299021938,0.8130000000000013,0.4286121935293515,0.5517761754637787,0.2870855258367591,0.7029144795565935,1,1
0.3655973380761096,0.5964000000000009,0.42061174451170613,0.5597765949684433,0.10126089620358741,0.888739093854589,1,1
0.3502154027823105,0.6420000000000011,0.43564557346649574,0.5447427660136543,0.10823607695334174,0.8817639204830796,1,1
0.1739249701946684,0.8585999999999996,0.43935500658877874,0.5410333624043515,0.4423568966134078,0.5476431079119151,1,1
0.4337264816297468,0.5735999999999994,0.3658259218350195,0.6145624176451311,0.10165473034948984,0.8883452784436418,1,0
0.18268353971807794,0.8585999999999996,0.37274127266198664,0.6076470963311433,0.425562073033527,0.5644379314917968,1,2
0.23718719402276192,0.8243999999999984,0.48851315577423715,0.49187522797538236,0.22003588415951425,0.7699641053199765,1,1
0.34187369702687925,0.5964000000000009,0.4350144178834933,0.5453739363531459,0.10557392613112355,0.8844260826620081,1,1
0.3638911862303116,0.5735999999999994,0.40535291160009457,0.5750354426365452,0.10519014050370289,0.8848098677107429,1,1
0.17268514059376944,0.8472000000000007,0.32116321272340803,0.6592251415132316,0.5910010216203715,0.39899898261560945,1,2
0.3555395294178034,0.516599999999999,0.410811452203121,0.5695768872770294,0.10151180940635002,0.8884881993867816,1,1
0.3382420240230005,0.6989999999999993,0.4393746357186324,0.5410137185180068,0.1097031307046854,0.8802968852496839,1,1
0.3329618045546399,0.7673999999999996,0.43295394247249497,0.5474343970076554,0.10775456097519522,0.8822454363165547,1,1
0.18285481146678184,0.8585999999999996,0.412308004652412,0.5680803495842282,0.4568088829012746,0.5331910929790972,1,2
0.479920989600586,0.4596000000000012,0.36254950867208474,0.6178388603210443,0.0972106881106942,0.8927893313157904,1,0
0.32462077810905043,0.5735999999999994,0.4175841232392397,0.5628042309974001,0.1347499751919681,0.8552500299120412,1,1
0.1820055225406573,0.8585999999999996,0.45322782720732485,0.5271605270293156,0.3486628668132335,0.6413371377120904,1,1
0.3090121592263286,0.6647999999999997,0.41956188229218294,0.5608264719444576,0.1725858087722536,0.8174142109435742,1,1
0.27412253405596115,0.7901999999999991,0.46009732756661,0.5202910561830094,0.16358666856265774,0.8264133512978422,1,1
0.19074375774652044,0.8472000000000007,0.39080062194287196,0.5895877322937678,0.5059930367877182,0.48400699753992826,1,2
0.5525093662062527,0.4254000000000008,0.24625949316626636,0.7341288758268634,0.09767846268646929,0.8923215164490115,1,0
0.3266764283871265,0.6533999999999995,0.4419124303072402,0.5384759386858896,0.12850404410593713,0.8614959456628966,1,1
0.30081665391721385,0.7103999999999991,0.3817272052774149,0.5986611489592253,0.2190005349232156,0.7709994628748847,1,1
0.17167264287950149,0.8700000000000006,0.3540861570950849,0.6263021971415548,0.545653014415445,0.4443469901098792,1,2
0.3482561866137126,0.6306000000000007,0.38940699001238166,0.5909813347112782,0.12255003213882458,0.8674499472136633,1,1
0.2870067926492043,0.6989999999999993,0.4454376376508509,0.5349507018292993,0.1441646650515715,0.8458353326741939,1,1
0.4470507844903323,0.4938000000000002,0.35577728932621405,0.6246110796669152,0.10370333475684662,0.8862966812698584,1,0
0.5115261321370282,0.4596000000000012,0.29668569402833567,0.6837026454518146,0.09770253746544277,0.8922974784165909,1,0
0.3072263492883874,0.7103999999999991,0.4232144381421286,0.5571739160945118,0.1378929686913212,0.8521070289621075,1,1
0.5104506506673131,0.5508000000000007,0.3352390093303419,0.6451493449062984,0.09894768435399513,0.8910523125037405,1,0
0.4005888699796052,0.5850000000000007,0.3940078036530503,0.5863805505835894,0.12902118840796287,0.8609788237849493,1,0
0.22171399743117176,0.8472000000000007,0.48792649100775815,0.49246186322888097,0.15770597173704698,0.8322940404558652,1,1
0.31479212064464235,0.7331999999999981,0.44272365357343435,0.5376647154196954,0.1176548651294802,0.8723451325962842,1,1
0.45425317164762935,0.5052000000000004,0.3633319717759065,0.6170563824607338,0.10067814882519181,0.8893218600402757,1,0
0.2560233411960232,0.7673999999999996,0.4623196371643286,0.5180687465852908,0.13643507736400506,0.8535649051712553,1,1
0.41535035421380734,0.5508000000000007,0.371239688013595,0.6091486809795349,0.10725808639213887,0.8827418996875733,1,0
0.40166406138581834,0.5508000000000007,0.37452304848467255,0.6058653205084567,0.12849859296650573,0.8615013979597006,1,0
0.23876632783466945,0.7787999999999996,0.4364244742592561,0.5439638947338729,0.18975322755170113,0.8002467918747842,1,1
0.3902985391743801,0.5850000000000007,0.42122985535779073,0.559158498878849,0.10578973928701538,0.8842102363040143,1,1
0.31510287390696584,0.6533999999999995,0.45924613772920075,0.5211421869944597,0.11468604551646325,0.8753139624086396,1,1
0.32209818442699606,0.6762000000000005,0.4378782096085036,0.5425101446281356,0.12200621874587061,0.8679937863581386,1,1
0.32032490533450436,0.7218000000000013,0.4297991645280597,0.5505891749520898,0.11467128483126474,0.8753287055885904,1,1
0.3066938057093945,0.6989999999999993,0.4301079618305838,0.5502803924060566,0.13310367293149536,0.8568963169820099,1,1
0.1975270312360189,0.8585999999999996,0.342288762501837,0.6380995622218237,0.5410826187930063,0.44891738602166076,1,2
0.24517925976765578,0.7560000000000001,0.4008431600214206,0.579545179458729,0.27306427296666275,0.716935702335024,1,1
0.3067271724287361,0.6306000000000007,0.4476919835877647,0.5326963706488745,0.11954387418517798,0.8704561116051912,1,1
0.4978923714651432,0.5279999999999991,0.3789574944616519,0.6014308597749883,0.0985763113215132,0.8914237084666501,1,0
0.38163086118500594,0.6191999999999994,0.38869191103768574,0.5916964579554438,0.10187708077500174,0.8881229166614196,1,1
0.20482698851835382,0.7901999999999991,0.4366347362467389,0.5437536032334118,0.34401093277838635,0.6459890572797901,1,1
0.229808200675307,0.7787999999999996,0.4552011830653962,0.5251871711712442,0.1812309759850642,0.8087690362078478,1,1
0.49593280913656457,0.4596000000000012,0.276065834396325,0.7043225198403146,0.10756104197270672,0.8824389634206464,1,0
0.48391596472632226,0.41400000000000087,0.35088538317217405,0.6295029858209558,0.10139449104522044,0.888605517530904,1,0
0.28284605393048623,0.7331999999999981,0.4345398019059191,0.5458485523307207,0.16066275030721744,0.8293372580519003,1,1
0.4664777959728549,0.5508000000000007,0.301954982650627,0.6784333568295228,0.10076783008945804,0.8892321562072603,1,0
0.2793782901775027,0.7560000000000001,0.4468700353520588,0.5335183188845811,0.15166317892259776,0.8383368258920695,1,1
0.46921132575871477,0.6420000000000011,0.34317449451928006,0.6372138597173596,0.11655665425131632,0.8734433620647316,1,0
0.5255218850103883,0.4368,0.2725971796822782,0.7077911745543618,0.09772982988253384,0.8922701563418489,1,0
0.2998852544382706,0.7103999999999991,0.4025592304840829,0.5778291237525564,0.17504323060605145,0.8149567812975177,1,1
0.3848948918927508,0.6077999999999991,0.4244987042024298,0.5558896647906998,0.10981537325822044,0.8801846312671039,1,1
0.2580795303625582,0.7560000000000001,0.46588492913107266,0.5145034546185461,0.21694068926260304,0.7730593223516232,1,1
0.41030134655645745,0.6191999999999994,0.4052423854920472,0.575145998257572,0.09903301042839166,0.8909669875867157,1,1
0.17685336174733432,0.8585999999999996,0.4086781505168061,0.5717102332328136,0.4305793612980145,0.5594206287601613,1,2
0.43701889091650004,0.5394000000000004,0.34869034932840254,0.6316980196647277,0.1116532144210872,0.8783467942997087,1,0
0.24170053381410614,0.7673999999999996,0.4577965959854494,0.5225917877641701,0.19597414436224608,0.7940258678306661,1,1
0.5876344494397091,0.36840000000000056,0.2552237297988635,0.7251646391942662,0.09701297856360967,0.8929870480241126,1,0
0.22490509565679223,0.7787999999999996,0.4490173464719532,0.531371007764686,0.2508617139890354,0.7391382613126515,1,1
0.46353487519136516,0.5621999999999989,0.34039510967939807,0.639993274070221,0.10743022591743662,0.8825697642854113,1,0
0.18733804004122906,0.8130000000000013,0.34599051648852897,0.6343978377481113,0.5987499365297329,0.39125008304142206,1,2
0.31467336529181344,0.7103999999999991,0.4333177047007292,0.5470706495359108,0.11144894004446798,0.8785510576812964,1,1
0.3251208064237969,0.6191999999999994,0.4255120353504292,0.55487631888621,0.14691382866368707,0.8430861541609163,1,1
0.17196384166282355,0.8700000000000006,0.33995809899857876,0.6404302552380614,0.6318708715253661,0.35812913357864296,1,2
0.39529799297002094,0.6077999999999991,0.3898968344512493,0.5904915197853909,0.10619836435445312,0.8838016626672834,1,1
0.35911492633782166,0.7103999999999991,0.39106308110524163,0.589325273131398,0.10715038044649428,0.8828496242958362,1,1
0.2512705172378268,0.7673999999999996,0.4611426065148658,0.5192457477217733,0.18208905030130187,0.8079109255790708,1,1
0.5254041728144107,0.4254000000000008,0.29773387400803036,0.6826544802286092,0.09765199185864444,0.8923479872768364,1,0
0.3552062614968679,0.6762000000000005,0.4121746892355023,0.5682136650011375,0.10178505670098431,0.8882149444968952,1,1
0.20698073292889643,0.8472000000000007,0.46686714460317347,0.5135212096334665,0.28946594335176434,0.7005340467064128,1,1
0.2637340627553625,0.7560000000000001,0.4785609041329727,0.5018274353471776,0.1509293534450162,0.8390706366131614,1,1
0.44917944045453506,0.5279999999999991,0.346702381783087,0.6336860019665327,0.10061703663138516,0.8893829796846627,1,0
0.19713472520610661,0.7787999999999996,0.3987773660409796,0.5816109881956606,0.469802748782889,0.5201972702095814,1,2
0.2674003902785909,0.6989999999999993,0.43901611228035486,0.5413722419562843,0.16455695976238804,0.8254430670423414,1,1
0.37849657444447327,0.5735999999999994,0.3692066896586743,0.6111816645779653,0.10282243337156709,0.8871775534315014,1,0
0.318543674600163,0.7218000000000013,0.4484969883747471,0.5318913806183818,0.12495843983969655,0.8650415723532148,1,1
0.2676456938653471,0.7103999999999991,0.43767080438299094,0.542717549853649,0.16317740998800534,0.8268225949713325,1,1
0.4019524538395083,0.6077999999999991,0.376110415842464,0.6042779531506662,0.10963241615920398,0.8803676035566235,1,0
0.32102840556150886,0.7445999999999999,0.45562817985062426,0.5247601891425047,0.1365957894072949,0.8534041857497205,1,1
0.367107966837703,0.6306000000000007,0.4351846722649137,0.5452036819717264,0.10963482457746587,0.8803651615022453,1,1
0.2842564562873734,0.7673999999999996,0.44504259166439764,0.5353457625722423,0.12622783952546365,0.8637721652892028,1,1
0.18598601592929617,0.8358000000000011,0.4439848254912109,0.5364035435019189,0.363301280687388,0.6266987096601322,1,1
0.28839912990514516,0.6647999999999997,0.3707804928038883,0.6096078614327511,0.2034041428387745,0.7865958473640745,1,1
0.56842949943204,0.39119999999999994,0.26308997177707366,0.7172983972160561,0.10213375595298792,0.8878662521167864,1,0
0.34180775347669534,0.6533999999999995,0.43010843103973606,0.5502799379533929,0.10627493237986156,0.8837250724348047,1,1
0.44763413772550614,0.4938000000000002,0.36096034425716966,0.6194280099794697,0.11163128020115279,0.8783687322811012,1,0
0.3277044711228405,0.6989999999999993,0.4273236513216516,0.553064688158498,0.10805648005703128,0.8819435023335574,1,1
0.30823551728054166,0.7103999999999991,0.4063570907259453,0.5740312635106944,0.13395454304264598,0.8560454619166927,1,1
0.39478145974988615,0.5850000000000007,0.3538381184939039,0.6265502357427364,0.10881366028369059,0.881186352053892,1,0
0.1694365478569327,0.8585999999999996,0.3299272187830178,0.6504611502101114,0.6447878786642577,0.3452120969267725,1,2
0.5970887170119115,0.37980000000000025,0.23796884254946268,0.7424194969306874,0.09887626193102128,0.8911237535893337,1,0
0.26479061827531314,0.7445999999999999,0.4394976753299673,0.5408906789066719,0.14232978770987512,0.8476702321506248,1,1
0.27158093403635675,0.6762000000000005,0.4681845154669676,0.5122038682826519,0.13107841306473456,0.8589215839376734,1,1
0.5592768721195999,0.4254000000000008,0.27809291539886605,0.7022954683507534,0.09719196863544802,0.8928080217120715,1,0
0.3685521706863514,0.6647999999999997,0.44983224110557046,0.5305561131310694,0.11035475702783445,0.8796452294858921,1,1
0.3841155985379468,0.6077999999999991,0.3936206759045427,0.586767678332097,0.1182285711830103,0.8717714258193977,1,1
0.3175644397772632,0.6647999999999997,0.40884109167636,0.5715472625602802,0.16841629894474167,0.8215836987810231,1,1
0.23450643334822321,0.7673999999999996,0.49596023066622547,0.4844281235704145,0.15205194023581395,0.8379480496776921,1,1
0.18635131807396715,0.8472000000000007,0.34894570414996867,0.6314426795996513,0.5474251790454088,0.44257482576925833,1,2
0.5643469078732618,0.36840000000000056,0.2723207551196938,0.7080675991169458,0.09768253048646801,0.8923174853232299,1,0
0.1677894478642053,0.8358000000000011,0.30627601300998797,0.6741123559831419,0.6354621905836092,0.3545378136523721,1,2
0.3511348240711664,0.5850000000000007,0.4479742722377039,0.5324140967554263,0.11365522825023512,0.8763447691861863,1,1
0.26536739763102485,0.7445999999999999,0.44316364482907383,0.5372246946510756,0.1823358478178099,0.8076641501972974,1,1
0.41668536501202386,0.6420000000000011,0.39654519082087936,0.5838431486592707,0.10284138034269653,0.8871586101494944,1,1
0.18003706104176714,0.8585999999999996,0.34581208077865877,0.6345762734579814,0.5526550006097964,0.43734500449421315,1,2
0.366485874370865,0.5964000000000009,0.41599941181349526,0.5643889129101646,0.11111629303219259,0.8788837117824737,1,1
0.44769715073579336,0.5279999999999991,0.36620905333722675,0.6141793156559031,0.09925993768046207,0.890740044927134,1,0
0.24600364590871673,0.8015999999999988,0.4287814419431596,0.5516069418064603,0.2417866859718436,0.7482133191321658,1,1
0.34350505958594163,0.6420000000000011,0.4029170223310154,0.5774713319056239,0.15212212557306581,0.8378778863305034,1,1
0.3628235066654613,0.5621999999999989,0.4405685952964339,0.539819758940206,0.10425676475161495,0.8857432405694015,1,1
0.4147386925151033,0.6077999999999991,0.4139281849185238,0.5664601693181164,0.11780518854081061,0.8721948091849547,1,1
0.2515268432730301,0.7331999999999981,0.3775350334028597,0.6028533503467594,0.3307620555312885,0.6592379492833783,1,1
0.4913068142378046,0.41400000000000087,0.31161538643512926,0.6687729678015104,0.10045523490431245,0.8895447808330498,1,0
0.17422141774348843,0.8585999999999996,0.4277221791313693,0.5526661751052712,0.45866910360947405,0.5313309156723393,1,2
0.5405025966523304,0.36840000000000056,0.2632262479596928,0.7171621062769473,0.10208161172646926,0.8879183899777604,1,0
0.32325872705268244,0.7560000000000001,0.4059218803368726,0.5744664738997667,0.14845832360508368,0.8415416809202397,1,1
0.3071868361933327,0.6647999999999997,0.426874490052751,0.553513864183889,0.14085925677980046,0.8491407481795382,1,1
0.4958197081374234,0.5052000000000004,0.3176851348455666,0.6627032341475626,0.09721794085305875,0.8927820491327821,1,0
0.41130377885472374,0.5964000000000009,0.4164357554537579,0.5639525987828822,0.10238767919031168,0.8876123108678649,1,1
0.3471123002584698,0.5850000000000007,0.4001658431400375,0.580222525853092,0.10775700462095954,0.8822430006277211,1,1
0.2287219412271722,0.8472000000000007,0.47586747284722525,0.5045208666329243,0.2242998154751304,0.7657001899182221,1,1
0.21459102125825238,0.7901999999999991,0.40622161115766725,0.5741667578354622,0.3281788699673221,0.6618211345580017,1,1
0.4259026084538801,0.5621999999999989,0.3625549183067764,0.6178334359298638,0.10926689393022693,0.8807331108121036,1,0
0.18070961775077587,0.8700000000000006,0.25141481556498857,0.7289735312934061,0.7114428075966323,0.2785571892611028,1,2
0.32773446450048277,0.7218000000000013,0.45021104043293964,0.5301773138037003,0.11529678869548363,0.8747031971672213,1,1
0.5177098896498821,0.4709999999999988,0.2996420179394842,0.6807463658101356,0.1019529917749387,0.8880469948111226,1,0
0.28320384998198084,0.7560000000000001,0.44867201233697207,0.5317163566561575,0.15018958666278315,0.8398104258194711,1,1
0.4655693281764693,0.5394000000000004,0.33383789538735303,0.6465504736057769,0.09810008192814673,0.8918999229588553,1,0
0.46949255407907436,0.5508000000000007,0.30978575878698866,0.6706025954496511,0.10002798432574694,0.8899720356070878,1,0
0.5231134531758315,0.39119999999999994,0.2921860123726926,0.688202371376927,0.10145893791636224,0.8885410779656713,1,0
0.3584286279509832,0.7103999999999991,0.4456028425503701,0.5347855411992495,0.11377233850145813,0.8762276587902919,1,1
0.5436414532727553,0.4596000000000012,0.26249322832811206,0.7178951554215071,0.11015142135203473,0.8798485756503732,1,0
0.32747519253286733,0.6533999999999995,0.40773197615354995,0.5726563780830899,0.14100957992007446,0.8489904101381023,1,1
0.23315705001423662,0.7673999999999996,0.4487407950979992,0.5316475738951297,0.2006358339018036,0.7893641862480393,1,1
0.27858495703204933,0.8015999999999988,0.42653864134214464,0.553849727650985,0.17350710664513055,0.8164928769028309,1,1
0.20517785421227946,0.8585999999999996,0.4617026093029279,0.5186857449337121,0.25969287946640884,0.7303071107364398,1,1
0.227949881484206,0.7787999999999996,0.5043356010529603,0.47605275318367973,0.21362535925027218,0.7763746376074636,1,1
0.46623341636904625,0.4709999999999988,0.3255712362965334,0.6548171179401068,0.09879230278498922,0.8912076867668373,1,0
0.19046618553198655,0.8585999999999996,0.4100882539244534,0.5703001150686767,0.4257471860899509,0.5642528479483521,1,2
0.2969826823912315,0.6876000000000017,0.426482658218643,0.5539056960179962,0.14478173448773254,0.8452182737267139,1,1
0.3288422847136093,0.7103999999999991,0.4361531171696857,0.5442352665799329,0.1147413961599175,0.8752585938259243,1,1
0.4165211532398027,0.6306000000000007,0.3654106799750651,0.614977689018064,0.0986849065718142,0.8913150983875237,1,0
0.5228858869521749,0.4025999999999997,0.2899595324493148,0.6904288365438151,0.09826150150553699,0.8917384777022795,1,0
0.43246717415467056,0.6306000000000007,0.354360934927857,0.6260274193087831,0.0986782754827472,0.8913217335997274,1,0
0.40580953731375496,0.5850000000000007,0.3574390148718378,0.6229493393648018,0.1003539797056069,0.8896460248197163,1,0
0.40487820867776103,0.6647999999999997,0.4027279474281568,0.5776604215649722,0.1001494828966058,0.889850537036229,1,1
0.22396708362551418,0.8015999999999988,0.40566061368775597,0.5747277405488838,0.32952315790722675,0.6604768471967822,1,1
0.46154392466406213,0.5279999999999991,0.31364910809415086,0.6667392461424895,0.13282318894388617,0.8571768089988864,1,0
0.2723916790299673,0.7218000000000013,0.45841154341790286,0.521976825575227,0.11521188036909391,0.8747881325471746,1,1
0.24935329738751197,0.6989999999999993,0.4158339117841811,0.5645544572089488,0.2674593188197869,0.7225406862842231,1,1
0.32579186765084384,0.6989999999999993,0.4736776570398831,0.5067107119532466,0.14232038449847595,0.8476796201715199,1,1
0.21916895109287746,0.8700000000000006,0.45396288946762803,0.5264254647690121,0.2574974371724914,0.7325025525963423,1,1
0.29920021012145726,0.7103999999999991,0.43336453903670447,0.5470238299564245,0.19083917774830053,0.79916081259922,1,1
0.22427496265632327,0.7787999999999996,0.42463391192075145,0.5557544718288677,0.2724558495405808,0.7175441700305748,1,1
0.2462693303149881,0.7673999999999996,0.4272589793881167,0.5531293748485232,0.22275734175709858,0.7672426636362544,1,1
0.38256701107011903,0.6420000000000011,0.40501874189469445,0.5753696123419461,0.10374181483555772,0.8862581975020248,1,1
0.19471675081695938,0.7673999999999996,0.32186004944217983,0.6585283047944597,0.5834634376729568,0.4065365526745615,1,2
0.47834381433332623,0.4596000000000012,0.3091658091406222,0.6712225450960175,0.10658490748324449,0.8834150785964676,1,0
0.21024530418405257,0.8472000000000007,0.46254246891864303,0.5178459000744867,0.3164580049070339,0.6735419999076321,1,1
0.4443452503831751,0.5279999999999991,0.32716546242352856,0.6532228918131118,0.10879588558546556,0.8812041229183232,1,0
0.22514541086487014,0.7445999999999999,0.4752014179299178,0.5051869510632112,0.1245084875590594,0.8654915174002785,1,1
0.4305038942966028,0.516599999999999,0.3442404768226216,0.6361478921705083,0.10707854238239314,0.8829214849286864,1,0
0.2167103628348995,0.7445999999999999,0.436207539103795,0.5441808151328442,0.27734147395670966,0.7126585161014674,1,1
0.5084031432225321,0.5279999999999991,0.3302475056301042,0.6501408338500456,0.09723588756565912,0.8927641173936787,1,0
0.32084317198074364,0.6647999999999997,0.4736558794595667,0.5067324747770732,0.11676836473224242,0.8732316400824248,1,1
0.375340838744247,0.6533999999999995,0.41277399731515685,0.567614327408503,0.11957757114496056,0.870422444737073,1,1
0.36720671552037737,0.6989999999999993,0.4277571939912817,0.5526311602453587,0.10193392393079782,0.8880660954956867,1,1
0.4951219202439938,0.4709999999999988,0.31644082336240564,0.6639475308742339,0.1031308950035318,0.8868691098111344,1,0
0.37067948568786335,0.5964000000000009,0.37834154705862405,0.6020468071780156,0.1209686695454191,0.8690313464812869,1,1
0.49816625295842726,0.41400000000000087,0.3018219586566817,0.6785663955799585,0.09716082542556008,0.8928391642709379,1,0
0.49059628804669947,0.5735999999999994,0.3576497077960416,0.6227386464405988,0.097929981628668,0.8920700160970965,1,0
0.4960838012083514,0.4709999999999988,0.2879151951132471,0.6924731591233926,0.10222830360375568,0.8877716936879942,1,0
0.29050107678487475,0.7218000000000013,0.4388202286386951,0.5415681255979451,0.13641612054607255,0.8535838838345803,1,1
0.21707292318691318,0.8130000000000013,0.4662002693194785,0.5141880849171615,0.18839639897346483,0.8016036061305448,1,1
0.180806841085258,0.8585999999999996,0.26232593653040037,0.7180624177062391,0.7261995028375423,0.26380047217480174,1,2
0.4845548678293453,0.516599999999999,0.2950487858999125,0.685339583093217,0.11084428897181768,0.879155723076422,1,0
0.48385928147127716,0.516599999999999,0.32072447900401746,0.6596639047456017,0.09931960648703347,0.890680380099028,1,0
0.4684555881126004,0.6647999999999997,0.3449627862411799,0.6354255384824812,0.10139283245917668,0.8886071841462142,1,0
0.2183395987477503,0.8130000000000013,0.4557266263906242,0.5246617278460156,0.25428280776912704,0.7357172118020293,1,1
0.21578754106401238,0.7901999999999991,0.4671106917066481,0.5132776625299912,0.23754265463236449,0.7524573498929593,1,1
0.1585314865991908,0.8700000000000006,0.30086118389194483,0.6795271851011847,0.6992766589303613,0.29072331651599675,1,2
0.47640584121709373,0.5394000000000004,0.3202284423642943,0.6601599118723458,0.13368854369793115,0.8563114608273928,1,0
0.2959524036934615,0.6989999999999993,0.46224122417644403,0.5181471448166856,0.12177592650779254,0.8682240709286289,1,1
0.19125753509174276,0.8700000000000006,0.39868090034133025,0.581707453895309,0.5179414270813029,0.4720585479310419,1,2
0.2830363448191461,0.6876000000000017,0.40027939432847864,0.580108959908161,0.22394982857472673,0.7660501611941072,1,1
0.4146934457467211,0.5964000000000009,0.34028949472001435,0.6400988595166253,0.1250253965255126,0.8649746156673985,1,0
0.36300424116596275,0.5508000000000007,0.4078288232317246,0.5725595162484249,0.11067683449647966,0.8793231629399417,1,1
0.46693984205054895,0.48239999999999894,0.35310953157017505,0.6272788521794446,0.09912416842666649,0.8908758109981573,1,0
0.20861701281945683,0.8358000000000011,0.3889675325166834,0.5914208364764467,0.39421717830676467,0.5957828114620686,1,2
0.5912698481679151,0.37980000000000025,0.2404509549052969,0.7399374140878331,0.0969445655965111,0.8930554608465398,0,0
0.47571052980684564,0.5508000000000007,0.33309972550475475,0.6472886287318853,0.09880110691183984,0.8911989057874216,0,0
0.5973264913133047,0.4025999999999997,0.2650393377264728,0.7153490238884116,0.09710522130855083,0.8928947840848014,0,0
0.5416376361730131,0.4368,0.30529963810929955,0.6750887161273401,0.09706555882993258,0.8929344674684467,0,0
0.3968313555375624,0.5394000000000004,0.3876280949398153,0.5927602592968243,0.11264223710379563,0.877357768144886,0,0
0.34614653984559235,0.6533999999999995,0.44900671580231283,0.5313816384343273,0.12582647600706337,0.8641735211400152,0,1
0.6070335395953724,0.3456,0.22868604696028427,0.7517022851416211,0.1057584592087756,0.8842415415550905,0,0
0.48029807611704706,0.5052000000000004,0.3329435843245499,0.6474447699120897,0.09792282458647945,0.8920771912232185,0,0
0.3843170100826895,0.6876000000000017,0.40757850289946623,0.572809851337173,0.09966920689761066,0.8903308086950801,0,1
0.5410088314070218,0.4368,0.2676980546062435,0.7126902996303965,0.09765763035677016,0.892342359556735,0,0
0.3615044656485029,0.6647999999999997,0.4170689444338234,0.5633194098028164,0.12918427958268558,0.8608157397714633,0,1
0.5985302438200175,0.3341999999999996,0.24260352833108983,0.7377848554185299,0.10130447399847722,0.8886955234379441,0,0
0.3234884072208405,0.7445999999999999,0.43004837512507044,0.5503400086245495,0.1444158394403827,0.8455841658082986,0,1
0.3856480688541155,0.6647999999999997,0.3949981024468985,0.5853902665462315,0.10445494433629868,0.8855450528107798,0,1
0.5497704622206951,0.4368,0.26839687469167633,0.7119914795449633,0.09765144702589632,0.8923485318202415,0,0
0.5618607722676839,0.39119999999999994,0.2633765162930906,0.7170118674565283,0.09720540123657119,0.8927945967785361,0,0
0.6122928543340815,0.3456,0.22064759236724657,0.7597407766258834,0.09693041007206282,0.8930695946702678,0,0
0.5607946218217109,0.39119999999999994,0.2690530900288553,0.7113352346948053,0.1021390585963009,0.8878609386231132,0,0
0.5115571064336563,0.4482,0.32675726840472946,0.6536310858319109,0.09749224084962924,0.8925077560804421,0,0
0.40774347197354527,0.6533999999999995,0.39708636156563615,0.5833019926710036,0.1131771505250515,0.8768228656463259,0,1
0.49695121918599733,0.5394000000000004,0.3131315359749843,0.6672568330181451,0.10065905103405709,0.8893409393134625,0,0
0.5017315369025173,0.4254000000000008,0.33724877544560494,0.6431395640345448,0.10024083135486812,0.8897591480699556,0,0
0.457460235389325,0.4938000000000002,0.337380562420725,0.6430077770594256,0.10240042105751136,0.8875995768852601,0,0
0.4772817044434964,0.5621999999999989,0.31534416831396184,0.6650442154356573,0.10738943782246237,0.8826105523803857,0,0
0.6201736169371074,0.3000000000000005,0.21518083839647986,0.76520750108367,0.09694459655620524,0.8930554307548744,0,0
0.6076542793148377,0.39119999999999994,0.24725758338668985,0.7331307708499498,0.09976601026590594,0.8902339945487604,0,0
0.5596860577155548,0.37980000000000025,0.2921786043787468,0.6882097793708725,0.11042285193471085,0.8795771343620085,0,0
0.292923002081367,0.8015999999999988,0.46297960641083186,0.5174087183128286,0.13979655543195385,0.8502034423661463,0,1
0.5132128233354687,0.4596000000000012,0.3209417890687589,0.6594465651678805,0.09798649609088902,0.8920134941119591,0,0
0.3888100203070373,0.6077999999999991,0.4182199831439453,0.5621683858491836,0.10118528279285992,0.8888147263619504,0,1
0.591662679508851,0.4025999999999997,0.23319690065985735,0.7471914683332727,0.09741679373875409,0.8925832259770734,0,0
0.4332827116125003,0.5394000000000004,0.37067385641209144,0.6097144978245479,0.10135068893721966,0.8886493194218975,0,0
0.5580806459849925,0.4025999999999997,0.2538069121883909,0.7265814568047388,0.09812595584149504,0.8918740597511957,0,0
0.3559217426451279,0.6306000000000007,0.431948863200771,0.548439491035869,0.13007307657628397,0.8599269290340755,0,1
0.42729962307473196,0.5850000000000007,0.3795470429767681,0.600841326016361,0.10747796865921584,0.8825220215436321,0,0
0.547158576185109,0.4368,0.28014118695675727,0.7002471672798823,0.09914667561794951,0.8908533221078149,0,0
0.532771126210017,0.35699999999999954,0.27393921163892293,0.706449172110696,0.09843242787909744,0.8915675917643944,0,0
0.40842116382823745,0.6306000000000007,0.36787395129203787,0.6125144177010913,0.11507923347811107,0.8749207639583113,0,0
0.5008238545104213,0.5735999999999994,0.3567865389235967,0.6236018300695334,0.09799595536248203,0.8920040418569323,0,0
0.5847999633993994,0.3341999999999996,0.233678903877851,0.7467094503587889,0.09710530362661607,0.8928947013327218,0,0
0.5568493002041036,0.4368,0.2602059043990758,0.7201824350810745,0.10211822315616521,0.8878817857816379,0,0
0.3593299140588476,0.6876000000000017,0.3742840786554281,0.606104275581212,0.2270213256782698,0.7629786648139221,0,1
0.2536144945181446,0.7331999999999981,0.48630175122242525,0.49408661777070373,0.14771345537264385,0.8422865571096103,0,1
0.36188633729014985,0.6077999999999991,0.3546537924590623,0.6257345617775781,0.13107060760502687,0.8589293904100814,0,0
0.39028444676109125,0.5850000000000007,0.42865144302960717,0.551736911207033,0.10142081951632088,0.888579155496023,0,1
0.33955493668284986,0.6306000000000007,0.4214605082877631,0.5589278607053658,0.1133488537212021,0.8766511359029601,0,1
0.5568555667872875,0.37980000000000025,0.2452097990290636,0.7351785699640664,0.09918730088518665,0.8908127076186021,0,0
0.35245307805486514,0.7103999999999991,0.40990452710401687,0.5704838271326236,0.10935728090191359,0.8806427276018751,0,1
0.5522734891176286,0.4025999999999997,0.28991242997021377,0.6904759095099366,0.09706394234328598,0.8929360848954578,0,0
0.4360491680244291,0.5394000000000004,0.38643574705401657,0.5939525776696437,0.10164631184443693,0.8883536855919845,0,0
0.5340890494504374,0.39119999999999994,0.29139527987369046,0.6889930596064601,0.09769131573369207,0.8923086632571172,0,0
0.4780449696460764,0.5052000000000004,0.3435875524187549,0.6368008018178853,0.09928042243695957,0.8907195785439129,0,0
0.2935891675472087,0.7103999999999991,0.44596370051254375,0.5344246389676071,0.1627139164213997,0.8272860810150217,0,1
0.44832673126394035,0.5508000000000007,0.3351665757193151,0.6452217932738141,0.10224175891829931,0.8877582311398772,0,0
0.5477555288283956,0.41400000000000087,0.2938027861798849,0.6865855680567551,0.0971597075491276,0.8928402828707277,0,0
0.24291199089500898,0.7787999999999996,0.48087837533441596,0.4995099936587143,0.22213416090011592,0.7678658583816967,0,1
0.3424877513620472,0.6762000000000005,0.428195544278043,0.5521928394715763,0.11314504619940981,0.8768549583259135,0,1
0.5615775304427036,0.3456,0.2792652212092022,0.7011231182709479,0.096973791186092,0.893026235473966,0,0
0.567138548911108,0.37980000000000025,0.24503574323422683,0.7353525962459235,0.09716067315884011,0.8928393164653221,0,0
0.5617847974332791,0.4482,0.26454925880108077,0.7158391101920485,0.09744164026767309,0.8925583459567097,0,0
0.6024871242662078,0.36840000000000056,0.24030909777104287,0.7400792712220864,0.09745886629935611,0.8925411531994643,0,0
0.6097912451888651,0.3456,0.2287691156206777,0.7516192533724518,0.0969445883822673,0.8930554388564765,0,0
0.5487115453787735,0.4596000000000012,0.2860355192128892,0.6943528350237504,0.09713391392844399,0.8928660760573969,0,0
0.382305718572703,0.5735999999999994,0.40396296255889447,0.5764253621647654,0.1023517250030944,0.8876482651997536,0,1
0.5478489548265487,0.4025999999999997,0.2636821171982776,0.7167062370383621,0.10227491515932738,0.8877250938508114,0,0
0.3998453404467954,0.5735999999999994,0.31546882514212876,0.6649195290945114,0.11419734840832876,0.8758026487387497,0,0
0.626635106502459,0.4025999999999997,0.21485289892826276,0.7655354848213565,0.09682280278321613,0.8931772128818103,0,0
0.42294170189741104,0.5735999999999994,0.37357822295901844,0.6068101312776217,0.09947310276980544,0.8905268836715845,0,0
0.2554845668773105,0.8015999999999988,0.4523707470042037,0.5280176072324367,0.13436155610825262,0.8556384408941553,0,1
0.43115945390855615,0.5279999999999991,0.3502010479626146,0.6301873210305146,0.111419607822872,0.8785803971364667,0,0
0.4537659002966888,0.4709999999999988,0.33462506257677527,0.6457633211728437,0.1115866354541872,0.8784133732666087,0,0
0.5521905729095682,0.4482,0.24593038793536098,0.7344579515447895,0.0969792022606702,0.8930208247610665,0,0
0.5356087271573353,0.4025999999999997,0.2846463550280598,0.6957420287215599,0.1045367363760773,0.8854632908626665,0,0
0.43267626265729964,0.5508000000000007,0.35947077391772575,0.6209175950754043,0.10179733207503575,0.8882026873514487,0,0
0.40853739046955806,0.5850000000000007,0.3495105652938768,0.6308777889427633,0.10942641042679267,0.8805735948942237,0,0
0.3251499388385513,0.6647999999999997,0.4355920987101434,0.5447962555264958,0.12940136867773197,0.8605986364262782,0,1
0.5234435360799252,0.37980000000000025,0.31038453287059836,0.6700038361225311,0.10493507168536055,0.8850649183004803,0,0
0.5392147598868725,0.35699999999999954,0.2636499955547669,0.7167383586818733,0.0970322733972837,0.8929677534797815,0,0
0.5202653990393437,0.4254000000000008,0.27006139497479215,0.7103269592618479,0.1026752483092466,0.8873247601222063,0,0
0.574680438050946,0.4025999999999997,0.2351733023518496,0.7452150666412801,0.09769584626538086,0.8923041697613242,0,0
0.33534650643453634,0.6191999999999994,0.4316451038582814,0.5487432503783584,0.10421630101007173,0.8857837155953191,0,1
0.5984630050656212,0.3341999999999996,0.23396817234743014,0.74642018188921,0.1004242469992453,0.8895757619385579,0,0
0.49464388638440077,0.48239999999999894,0.30883445492624056,0.6715539288233789,0.10594382488901183,0.8840562022773962,0,0
0.32080330088732695,0.6191999999999994,0.41653096732398864,0.5638573721561614,0.11356132142173443,0.8764386835376033,0,1
0.44534483852216045,0.516599999999999,0.33569133424897823,0.6446970347441517,0.13770524226207168,0.852294777309085,0,0
0.3463076321631364,0.6077999999999991,0.4248100868891746,0.5555782673474658,0.12748459563000683,0.8625154020957576,0,1
0.25780354512640574,0.7673999999999996,0.43551945274732623,0.5448688867328242,0.1690487680442126,0.8209512516716159,0,1
0.22993062953524604,0.8015999999999988,0.4529075230774372,0.5274808311592027,0.27196741183753126,0.7180325929771355,0,1
0.5769322873319384,0.3113999999999997,0.2415013661134589,0.7388869881231813,0.09700408452344177,0.8929959424259591,0,0
0.5515070865987575,0.4368,0.30979435882198036,0.67059399541466,0.09705969826110362,0.8929403289776402,0,0
0.5724900802021976,0.5052000000000004,0.24950757639523827,0.730880807354381,0.10012697295656488,0.8898730282413148,0,0
0.5508842425425738,0.4596000000000012,0.26110392833635654,0.719284425900283,0.12083587313647405,0.8691641242999475,0,0
0.5649412412167523,0.41400000000000087,0.25114842427031486,0.7292399447228147,0.0970517309863591,0.8929482963247205,0,0
0.553304521834426,0.36840000000000056,0.25696889729684985,0.7234194716962801,0.09864852488040929,0.8913515023583346,0,0
0.5179667960603161,0.4482,0.28947779808275886,0.6909105413973915,0.0971637889482443,0.8928362013992752,0,0
0.39007505108479706,0.6306000000000007,0.38278509179272674,0.5976032624439135,0.12228081300420679,0.8677191918104595,0,1
0.33824994155855137,0.7103999999999991,0.4374784830523927,0.5429098859407369,0.13259725014133353,0.8574027547456691,0,1
0.4666610211011275,0.4938000000000002,0.36920852822285244,0.6111798407702767,0.10597574128641675,0.8840242635282505,0,0
0.6036047196095663,0.32280000000000064,0.22871903809158572,0.7516693309015442,0.09712722735786905,0.8928727772397901,0,0
0.4230611249863568,0.5850000000000007,0.36987330208796915,0.6105150669051599,0.09912589681669351,0.8908740824634588,0,0
0.5281742799553627,0.41400000000000087,0.281298429389602,0.6990899396035275,0.09769311819551064,0.8923068606506273,0,0
0.419598544123866,0.5508000000000007,0.35152257739409637,0.6288657768425433,0.10037980833678575,0.8896201778152613,0,0
0.5204112042127631,0.4254000000000008,0.296124132813296,0.6842642066668537,0.09774598274126797,0.8922540075339158,0,0
0.3777982499018214,0.6876000000000017,0.4122348719615383,0.5681535117880816,0.11263020152270224,0.8773697851356957,0,1
0.5573853479496483,0.5052000000000004,0.2689142194664591,0.7114741347701805,0.10190180310346554,0.8880982015665292,0,0
0.6170322294922974,0.3341999999999996,0.21957574735775762,0.7608125995006377,0.096964558397682,0.8930354684070475,0,0
0.3744253334423486,0.6647999999999997,0.4301294265260975,0.5502589424670321,0.12731131205188415,0.8626886745341773,0,1
0.6201768331688485,0.3341999999999996,0.20897604735152225,0.7714123216416078,0.09761777076327689,0.8923822084445396,0,0
0.5175517736907705,0.4254000000000008,0.3023082795291271,0.6780800747075132,0.09734120137772519,0.8926588150829944,0,0
0.5240385200658225,0.4938000000000002,0.31019904655715774,0.6701893076794824,0.09716579431179662,0.8928342251870237,0,0
0.6100262602522436,0.32280000000000064,0.23242819683760102,0.7479601869120184,0.1001146033290521,0.8898853982305063,0,0
0.3459693100627859,0.6191999999999994,0.4160808263658322,0.5643075278708083,0.15940684457241927,0.8305931602422469,0,1
0.4908934348958211,0.5279999999999991,0.32324750810734304,0.6571408756422761,0.09853991009946013,0.891460117066948,0,0
0.5991624674721426,0.3341999999999996,0.22503915921970502,0.7553492097734246,0.09699658301848814,0.8930034439309128,0,0
0.49858278939392187,0.4482,0.301508294711067,0.6788800595255732,0.1027469618835496,0.8872530360592219,0,0
0.47270292337233344,0.5508000000000007,0.3168371178895526,0.663551236347087,0.11039068344727311,0.8796093138444768,0,0
0.6234920435064919,0.3000000000000005,0.21459231407619228,0.7657960254039579,0.09694452819893665,0.8930554990398072,0,0
0.5849604755664813,0.3456,0.23693669111612958,0.7434516778770003,0.09697876651020887,0.8930212605115277,0,0
0.43239218430624055,0.6077999999999991,0.3666517567884578,0.6137365974481828,0.10325651634954718,0.8867434915755557,0,0
0.49364113351765443,0.4709999999999988,0.3456312347083415,0.6347571342847876,0.10710249021215354,0.8828975076582822,0,0
0.4409659765324444,0.48239999999999894,0.3661942378215419,0.6141941311715879,0.10960730812746354,0.8803926815690353,0,0
0.3176543725142432,0.6191999999999994,0.45591010582146163,0.5244782631716686,0.11163399365920475,0.8783660043559025,0,1
0.495330173381424,0.5621999999999989,0.3129740487195911,0.6674143202735388,0.10425977883697721,0.8857402296668114,0,0
0.5821723884428349,0.39119999999999994,0.2470221880986851,0.7333661956509344,0.09718263877248305,0.8928173657528403,0,0
0.5730904845965699,0.4025999999999997,0.26227525998226614,0.7181131090108631,0.09716284409888744,0.8928371753275972,0,0
0.5233358677708866,0.4709999999999988,0.29904171794039563,0.6813466067832651,0.09991729068813979,0.890082706386603,0,0
0.5526122633936181,0.4482,0.2730387408867621,0.7073496133498776,0.10998523492211286,0.8800147736540125,0,0
0.4735175260589589,0.5394000000000004,0.2977193773741863,0.6826690063754328,0.09794099271876144,0.8920589973394152,0,0
0.5584673204455672,0.41400000000000087,0.27370906342811974,0.70667929080852,0.09772001240438632,0.8922799777984618,0,0
0.6213284644251887,0.32280000000000064,0.20595273773647038,0.7744356017436802,0.0969444858825323,0.8930555412838759,0,0
0.4530312189976836,0.5621999999999989,0.3268462175262787,0.6535421219538712,0.09846566622118352,0.8915343346873532,0,0
0.5668465732626491,0.39119999999999994,0.25535114332819436,0.7250372256649356,0.09685480722235248,0.893145209238367,0,0
0.5036734382401006,0.4938000000000002,0.28424916358966235,0.6961391906469772,0.0978974557212256,0.8921025341922796,0,0
0.6249604863338273,0.3113999999999997,0.21590988715111653,0.764478489220258,0.0969743216963648,0.8930257053977076,0,0
0.530438534059648,0.35699999999999954,0.2505496916937599,0.7298386625428801,0.09701562084329943,0.8929843837543597,0,0
0.5414862877390021,0.4709999999999988,0.2911124955001383,0.6892758587365012,0.10225471540562163,0.8877452818861282,0,0
0.2946091500274628,0.7218000000000013,0.4148984626265408,0.5654899063665894,0.18816341420979182,0.8018365906048746,0,1
0.2554869899546058,0.7331999999999981,0.4433626686045267,0.5370256708756236,0.1720381803294988,0.8179618247745105,0,1
0.28586877597796484,0.6762000000000005,0.4415867575775076,0.5388015671461528,0.14865576465106717,0.8413442326406838,0,1
0.6018079159190354,0.3456,0.21725906562851494,0.7631293033646147,0.09741677225504111,0.8925832473884507,0,0
0.27960322021743617,0.7673999999999996,0.4644282687622368,0.5159600854744031,0.14636209797998073,0.8436379213018325,0,1
0.5327304237683617,0.5850000000000007,0.3265334119833787,0.653854912740282,0.09713586214676648,0.8928641282007531,0,0
0.40651654245404817,0.5850000000000007,0.3873790083917597,0.5930093310883908,0.11253447061314176,0.8774655454135633,0,0
0.4690280494132035,0.5850000000000007,0.3702868557110577,0.6101015132820725,0.10816228539040952,0.8818377347594323,0,0
0.5013111351671187,0.4938000000000002,0.29027267415685526,0.6901156800797843,0.10009189598479323,0.8899081018133069,0,0
0.3832965222600362,0.516599999999999,0.35251348467474997,0.6278748843183792,0.13263432987257107,0.8573656858647917,0,0
0.5684348831874264,0.4254000000000008,0.25677387253011325,0.7236144817065263,0.09915895844258155,0.8908410464444205,0,0
0.5235746563893766,0.4368,0.3024418200002129,0.6779465342364266,0.0985843750197911,0.8914156444790292,0,0
0.32014682681170104,0.7103999999999991,0.4328401906902348,0.5475481635464053,0.11481693145719556,0.8751830804463726,0,1
0.44685391724591306,0.5850000000000007,0.37909615243615463,0.6012922018004847,0.09830630850155381,0.8916936781568433,0,0
0.4772764141610086,0.4368,0.292168611472787,0.6882197427638526,0.09863271532706848,0.8913672750204511,0,0
0.34692845949200746,0.7787999999999996,0.3850405532258227,0.5953478157673064,0.1394145231503884,0.8505854630016586,0,1
0.5059268290793573,0.4482,0.3072630896003504,0.67312526463629,0.10395116479362104,0.8860488405273953,0,0
0.6108229263813933,0.3456,0.23713192823465565,0.7432564260019842,0.09699147474129227,0.8930085519911015,0,0
0.4907911745620953,0.5052000000000004,0.34906667232791194,0.6313216819087275,0.0972228008740157,0.8927772263647282,0,0
0.5490458732917011,0.4025999999999997,0.31875451414006456,0.661633825340086,0.09699839090548677,0.8930016361162499,0,0
0.4739105238257456,0.5508000000000007,0.3207385034301902,0.6596498508064492,0.1031691569176693,0.8868308476799898,0,0
0.3208632869098162,0.7218000000000013,0.39641078871245544,0.583977580280674,0.1271642376091875,0.8628357745837238,0,1
0.3882347905578737,0.6533999999999995,0.41995159242639263,0.5604367765667372,0.10304779542302628,0.886952191163035,0,1
0.5945543711106417,0.37980000000000025,0.23890404384529718,0.7414843251478321,0.09698116660986136,0.8930188607012183,0,0
0.556551917874056,0.4254000000000008,0.2630888827953525,0.717299471441287,0.09718302605800262,0.8928169635661596,0,0
0.478090236786239,0.5052000000000004,0.3303386862162248,0.6500496975333943,0.09829081006420473,0.8917092060348362,0,0
0.3557593939057137,0.5621999999999989,0.3958244838626641,0.5845638851304653,0.10803860922461582,0.8819613958793934,0,1
0.5573664153366361,0.4254000000000008,0.2700388853309221,0.7103494836622072,0.10027516688536678,0.8897248418354292,0,0
0.5388291088492271,0.39119999999999994,0.268885739441288,0.7115026147953516,0.1028230291286719,0.8871769608571689,0,0
0.5708476213173109,0.4368,0.2654712235256308,0.7149171307110089,0.10274590976029929,0.8872540765364191,0,0
0.47408401559163055,0.4709999999999988,0.3348645248950107,0.6455238293416289,0.10144715847610276,0.888552861167389,0,0
0.5949125809556218,0.39119999999999994,0.2404509549052969,0.7399374140878331,0.09993381209743839,0.8900661779607383,0,0
0.4887792148541706,0.4596000000000012,0.3015261147897218,0.6788622394469177,0.09834677571521226,0.8916532332225909,0,0
0.45252170946340337,0.48239999999999894,0.3342152218281641,0.6461731619214549,0.10439536761311659,0.8856046487752671,0,0
0.5906642131824211,0.36840000000000056,0.24007122915369772,0.7403171398394318,0.10016181462019398,0.8898381867223571,0,0
0.5226261380942507,0.41400000000000087,0.2752381604065018,0.705150193830138,0.09880498613258014,0.8911950037085893,0,0
0.45747296342091964,0.5052000000000004,0.35158339188677606,0.6288049623498633,0.1004697962322282,0.8895302014212005,0,0
0.35972032605143434,0.7331999999999981,0.40968698693247696,0.5707013673041634,0.11013067207290139,0.8798693405540241,0,1
0.6322538999971372,0.3113999999999997,0.2190595284559197,0.7613288405372102,0.09697058483234891,0.8930294425510664,0,0
0.5770071919121712,0.4025999999999997,0.25786069399546624,0.7225276602411734,0.09702776369828627,0.8929722637574649,0,0
0.5189578514876875,0.4596000000000012,0.295805416151158,0.6845829528419715,0.09864743695097067,0.8913525532518775,0,0
0.18186088155913124,0.8243999999999984,0.43883789491931235,0.5415504888303075,0.48667762153542105,0.5033223829899013,0,2
0.5186400196634792,0.4596000000000012,0.32821879518055225,0.6521695738125777,0.09731127861634045,0.8926887227262107,0,0
0.5987142300409933,0.35699999999999954,0.2536535329980759,0.7267348359950535,0.09711615847152417,0.8928838613889748,0,0
0.518442340531171,0.4709999999999988,0.26637909004155896,0.7140092937080605,0.11876875186626189,0.8712312533100832,0,0
0.5099998529404003,0.4709999999999988,0.30396261759822774,0.6764257366384118,0.10228979852593066,0.8877101984764763,0,0
0.30469354432578233,0.7103999999999991,0.4378799038424076,0.5425084503942322,0.1472254006598759,0.8427746186219373,0,1
0.4059381090374054,0.5508000000000007,0.3572355491568743,0.6231527903232753,0.11359982565143743,0.8764001605006104,0,0
0.5082647365610189,0.4482,0.30077286077610527,0.679615493460535,0.10498953723791742,0.8850104674320773,0,0
0.5155351208001663,0.4709999999999988,0.2902475586113417,0.6901408251382772,0.09931104634861349,0.8906889620105038,0,0
0.5024309146566299,0.5279999999999991,0.28220155907232813,0.6981867951643119,0.10583071588891231,0.8841693110604886,0,0
0.5143982837327262,0.4482,0.31513006064359417,0.6652583083495358,0.09794605629247373,0.892053941360955,0,0
0.35750740170086864,0.6989999999999993,0.4112225412563213,0.5691658129803185,0.1348255909174391,0.8551744292324029,0,1
0.49974541665094424,0.5279999999999991,0.33237409887452696,0.6480142406056228,0.09964105874878695,0.8903589606053619,0,0
0.44741078519620553,0.5394000000000004,0.33925819892698117,0.6411301553096589,0.10180999090081286,0.8881900141308606,0,0
0.23283899860243193,0.7560000000000001,0.4873655200523084,0.4930228636973116,0.17034830149470037,0.8196516962310649,0,1
0.5577467090742577,0.37980000000000025,0.26757904051808495,0.7128093137185548,0.10026732236436275,0.8897326974961363,0,0
0.5935665118952941,0.3456,0.2587211801852997,0.7216672035643198,0.09713858797422895,0.8928614315245914,0,0
0.5096779201469112,0.4938000000000002,0.30909043299110206,0.6712979212455377,0.10766036870988835,0.8823396504272533,0,0
0.5881699952844663,0.4482,0.24721754027061105,0.7331708139660286,0.09759942063428828,0.892400568989874,0,0
0.297982035252603,0.6989999999999993,0.4326475654703899,0.5477408182792287,0.1356124902171997,0.8543875222650553,0,1
0.5995765694746146,0.32280000000000064,0.22836056468371072,0.7520277895529291,0.09699869261783307,0.8930013346209108,0,0
0.5352898652263693,0.5621999999999989,0.2962323714293319,0.6841559828073076,0.10276561755867844,0.8872343908004388,0,0
0.3559939874476934,0.6533999999999995,0.40551992255229397,0.5748684464408359,0.11175959720148633,0.8782404220803277,0,1
